#######################################################################################################################################
<poster>Team Phoenix</poster>
<fanart>http://s20.postimg.org/w4r6o7t3x/Phoenix_Fanart.png</fanart>
#######################################################################################################################################

<item>
<title>[COLOR yellow]A&E HD[/COLOR]</title>
<link>http://trtcanlitv-lh.akamaihd.net/i/TRTHD_1@182045/master.m3u8</link>
<thumbnail>http://www.lyngsat-logo.com/hires/aa/ae_br.png</thumbnail>
</item>

<item>
<title>[COLOR yellow]ABC East[/COLOR]</title>
<link>
<sublink>rtmp://rtmp.myhdcast.com/redirect/ playpath=rGCi7bg0Qxvs8q7Sl13l swfUrl=http://cdn.zerocast.tv/player/jwplayer.flash.swf pageUrl=http://zerocast.in/embed.php?a=8&id=&width=650&height=470&autostart=true&strech= token=OOG17t.x#K9Vh#|</sublink>
<sublink>rtmp://195.154.243.50:80/liverepeater<playpath>302559 <swfUrl>http://cdn.goodcast.co/players.swf <pageUrl>http://goodcast.co.uk/ live=1</sublink>
</link>
<thumbnail>http://images5.fanpop.com/image/photos/24500000/abc-icon-revenge-tv-show-24570238-200-200.png</thumbnail>
</item>

<item>
<title>[COLOR yellow]AMC[/COLOR]</title>
<link>
<sublink>rtmp://195.154.216.101:80/liverepeater<playpath>303000 <swfUrl>http://cdn.goodcast.co/players.swf <pageUrl>http://goodcast.co.uk/ </sublink>
<sublink>rtmp://rtmp.myhdcast.com/redirect/ playpath=TfRQx7deUAuncJwM047m swfUrl=http://cdn.zerocast.tv/player/jwplayer.flash.swf pageUrl=http://zerocast.in/embed.php?a=8&id=&width=650&height=470&autostart=true&strech= token=OOG17t.x#K9Vh#|  live=1</sublink>
</link>
<thumbnail>http://4.bp.blogspot.com/-MyRDS82mfmA/UVpy9G3NZUI/AAAAAAAAZK8/d4mg7UvA3w0/s352/AMC+logo.png</thumbnail>
</item>

<item>
<title>[COLOR yellow]Bravo[/COLOR]</title>
<link>rtmp://195.154.233.201:80/liverepeater<playpath>302561 <swfUrl>http://cdn.goodcast.co/players.swf <pageUrl>http://goodcast.co.uk/ live=1</link>
<thumbnail>http://www.lyngsat-logo.com/hires/bb/bravo_uk.png</thumbnail>
</item>

<item>
<title>[COLOR yellow]CBS East[/COLOR]</title>
<link>
<sublink>rtmp://195.154.168.149:80/liverepeater<playpath>302563 <swfUrl>http://cdn.goodcast.co/players.swf <pageUrl>http://goodcast.co.uk/ live=1</sublink>
<sublink>rtmp://rtmp.myhdcast.com/redirect/ playpath=Ger61uLQ4fedzvjRjrB7 swfUrl=http://cdn.zerocast.tv/player/jwplayer.flash.swf pageUrl=http://zerocast.in/embed.php?a=8&id=&width=650&height=470&autostart=true&strech= token=OOG17t.x#K9Vh#|</sublink>
</link>
<thumbnail>http://www.parkavenuesafesight.com/wp-content/uploads/2013/09/CBS_logo_2011.png</thumbnail>
</item>

<item>
<title>[COLOR yellow]Comedy Central[/COLOR]</title>
<sublink>rtmp://195.154.240.167:80/liverepeater<playpath>302565 <swfUrl>http://cdn.goodcast.co/players.swf <pageUrl>http://goodcast.co.uk/ live=true timeout=15</sublink>
<thumbnail>http://fc00.deviantart.net/fs71/i/2013/087/1/3/comedy_central_icon_by_slamiticon-d5zbm1h.png</thumbnail>
</item>

<item>
<title>[COLOR yellow]Fox[/COLOR]</title>
<link>rtmp://195.154.237.203:80/liverepeater<playpath>302569 <swfUrl>http://cdn.goodcast.co/players.swf <pageUrl>http://goodcast.co.uk/ live=1</link>
<thumbnail>http://cdn01.dailycaller.com/wp-content/uploads/2013/01/fox-news-logo-e1375984380585.jpg</thumbnail>
</item>

<item>
<title>[COLOR yellow]FX[/COLOR]</title>
<link>
<sublink>rtmp://195.154.235.85:80/liverepeater<playpath>302571 <swfUrl>http://cdn.goodcast.co/players.swf <pageUrl>http://goodcast.co.uk/ live=1</sublink>
<sublink>rtmp://rtmp.myhdcast.com/redirect/ playpath=VCV8SViFVBv2nX5RQwKI swfUrl=http://cdn.zerocast.tv/player/jwplayer.flash.swf pageUrl=http://zerocast.in/embed.php?a=511&id=&width=620&height=470&autostart=true&strech= token=OOG17t.x#K9Vh#|  live=1</sublink>
</link>
<thumbnail>http://tvtastic.files.wordpress.com/2011/04/fx-logo.png</thumbnail>
</item>

<item>
<title>[COLOR yellow]HBO[/COLOR]</title>
<link>
<sublink>rtmp://rtmp.myhdcast.com/redirect/ playpath=qKmzUdRhBM73njBBDFyL swfUrl=http://cdn.zerocast.tv/player/jwplayer.flash.swf pageUrl=http://zerocast.in/embed.php?a=8&id=&width=650&height=470&autostart=true&strech= token=OOG17t.x#K9Vh#|</sublink>
<sublink>rtmp://195.154.240.167:80/liverepeater<playpath>302998 <swfUrl>http://cdn.goodcast.co/players.swf <pageUrl>http://goodcast.co.uk/  live=1</sublink>
</link>
<thumbnail>http://icons.iconarchive.com/icons/hopstarter/sleek-xp-software/256/HBO-icon.png</thumbnail>
</item>

<item>
<title>[COLOR yellow]NBC East[/COLOR]</title>
<link>
<sublink>rtmp://195.154.232.181:80/liverepeater<playpath>302576 <swfUrl>http://cdn.goodcast.co/players.swf <pageUrl>http://goodcast.co.uk/ live=1</sublink>
<sublink>rtmp://195.154.250.234:80/liverepeater<playpath>302575 <swfUrl>http://cdn.goodcast.co/players.swf <pageUrl>http://goodcast.co.uk/ live=1</sublink>
</link>
<thumbnail>http://www.eastcoastlasertattooremoval.com/wp-content/uploads/2015/01/NBC-logo-2014.png</thumbnail>
</item>

<item>
<title>[COLOR yellow]Showtime[/COLOR]</title>
<link>rtmp://rtmp.myhdcast.com/redirect/ playpath=kbMD64czDshAmjDd4kxQ swfUrl=http://cdn.zerocast.tv/player/jwplayer.flash.swf pageUrl=http://zerocast.in/embed.php?a=511&id=&width=620&height=470&autostart=true&strech= token=OOG17t.x#K9Vh#|  live=1</link>
<thumbnail>http://upload.wikimedia.org/wikipedia/commons/thumb/2/22/Showtime.svg/2000px-Showtime.svg.png</thumbnail>
</item>

<item>
<title>[COLOR yellow]Spike[/COLOR]</title>
<link>rtmp://rtmp.zerocast.tv:1935/live playpath=5MHkm6cQaL5rJZpCSL1C swfUrl=http://p.jwpcdn.com/6/10/jwplayer.flash.swf live=1 flashver=WIN\202012,0,0,77 timeout=15 token=8964316ec8772dfa live=1swfVfy=1 pageUrl=http://zerocast.tv</link>
<thumbnail>http://upload.wikimedia.org/wikipedia/commons/c/c7/Spike_TV_Logo.png</thumbnail>
</item>

<item>
<title>[COLOR yellow]SYFY[/COLOR]</title>
<link>rtmp://rtmp.myhdcast.com/redirect/ playpath=tPjsURqsVo4NSe23EhJP swfUrl=http://cdn.zerocast.tv/player/jwplayer.flash.swf pageUrl=http://zerocast.in/embed.php?a=8&id=&width=650&height=470&autostart=true&strech= token=OOG17t.x#K9Vh#|</link>
<thumbnail>http://www.pappasgroup.com/wp-content/logos/syfy-500x500.png</thumbnail>
</item>

<item>
<title>[COLOR yellow]TBS[/COLOR]</title>
<link>rtmp://rtmp.myhdcast.com/redirect/ playpath=RhMi9RdAAt7fpq8H3qZh swfUrl=http://cdn.zerocast.tv/player/jwplayer.flash.swf pageUrl=http://zerocast.in/embed.php?a=8&id=&width=650&height=470&autostart=true&strech= token=OOG17t.x#K9Vh#|</link>
<thumbnail>http://vignette3.wikia.nocookie.net/familyguy/images/2/2c/TBS_logo.png/revision/latest?cb=20110222204011</thumbnail>
</item>

<item>
<title>[COLOR yellow]TLC[/COLOR]</title>
<link>rtmpe://46.246.124.37:1935/l playpath=tlc990 swfurl=http://player.hdcast.org/_.swf pageurl=http://www.hdcast.org/ token="Fo5_n0w?U.rA6l3-70w47ch live=1</link>
<thumbnail>http://michiganjournal.org/wp-content/uploads/2011/10/Tlc-logo-png.png</thumbnail>
</item>

<item>
<title>[COLOR yellow]TNT[/COLOR]</title>
<link>rtmp://rtmp.myhdcast.com/redirect/ playpath=Waz0WqvbqNHmt0gdzrsm swfUrl=http://cdn.zerocast.tv/player.swf flashVer=WIN/16,0,0,219 pageUrl=http://zerocast.in/embed.php?a=309&id=&width=640&height=450&autostart=true&strech= token=OOG17t.x#K9Vh#|  live=1</link>
<thumbnail>http://upload.wikimedia.org/wikipedia/fi/7/7a/TNT_Express_logo.png</thumbnail>
</item>

<item>
<title>[COLOR yellow]USA Network[/COLOR]</title>
<link>rtmp://rtmp.myhdcast.com/redirect/ playpath=jvZXQUYQmlsPirfiVK1G swfUrl=http://cdn.zerocast.tv/player/jwplayer.flash.swf pageUrl=http://zerocast.in/embed.php?a=8&id=&width=650&height=470&autostart=true&strech= token=OOG17t.x#K9Vh#|</link>
<thumbnail>http://www.freelogovectors.net/wp-content/uploads/2012/04/usa-network-logo.jpg</thumbnail>
</item>

<item>
<title></title>
<link></link>
<thumbnail></thumbnail>
</item>

<item>
<title></title>
<link></link>
<thumbnail></thumbnail>
</item>

<item>
<title></title>
<link></link>
<thumbnail></thumbnail>
</item>

<item>
<title></title>
<link></link>
<thumbnail></thumbnail>
</item>

<item>
<title></title>
<link></link>
<thumbnail></thumbnail>
</item>

<item>
<title></title>
<link></link>
<thumbnail></thumbnail>
</item>

<item>
<title></title>
<link></link>
<thumbnail></thumbnail>
</item>

<item>
<title></title>
<link></link>
<thumbnail></thumbnail>
</item>

<item>
<title></title>
<link></link>
<thumbnail></thumbnail>
</item>

<item>
<title></title>
<link></link>
<thumbnail></thumbnail>
</item>

<item>
<title></title>
<link></link>
<thumbnail></thumbnail>
</item>

<item>
<title></title>
<link></link>
<thumbnail></thumbnail>
</item>

<item>
<title></title>
<link></link>
<thumbnail></thumbnail>
</item>

<item>
<title></title>
<link></link>
<thumbnail></thumbnail>
</item>

<item>
<title></title>
<link></link>
<thumbnail></thumbnail>
</item>

<item>
<title></title>
<link></link>
<thumbnail></thumbnail>
</item>

<item>
<title></title>
<link></link>
<thumbnail></thumbnail>
</item>

<item>
<title></title>
<link></link>
<thumbnail></thumbnail>
</item>

<item>
<title></title>
<link></link>
<thumbnail></thumbnail>
</item>

<item>
<title></title>
<link></link>
<thumbnail></thumbnail>
</item>

<item>
<title></title>
<link></link>
<thumbnail></thumbnail>
</item>

<item>
<title></title>
<link></link>
<thumbnail></thumbnail>
</item>

<item>
<title></title>
<link></link>
<thumbnail></thumbnail>
</item>

<item>
<title></title>
<link></link>
<thumbnail></thumbnail>
</item>

<item>
<title></title>
<link></link>
<thumbnail></thumbnail>
</item>

<item>
<title></title>
<link></link>
<thumbnail></thumbnail>
</item>

<item>
<title></title>
<link></link>
<thumbnail></thumbnail>
</item>

<item>
<title></title>
<link></link>
<thumbnail></thumbnail>
</item>

<item>
<title></title>
<link></link>
<thumbnail></thumbnail>
</item>

<item>
<title></title>
<link></link>
<thumbnail></thumbnail>
</item>
