#######################################################################################################################################
<poster>Team Phoenix</poster>
<fanart>http://s20.postimg.org/w4r6o7t3x/Phoenix_Fanart.png</fanart>
#######################################################################################################################################

<dir>
<name>Sports</name>
<link>http://shanghai.watchkodi.com/Directories/Sports.xml</link>
<thumbnail>http://s20.postimg.org/y47sfmnfh/Sports.png</thumbnail>
</dir>

<dir>
<name>Entertainment</name>
<link>http://shanghai.watchkodi.com/Directories/Entertainment.xml</link>
<thumbnail>http://s20.postimg.org/winxa2ntp/Entertainment.png</thumbnail>
</dir>

<dir>
<name>Movies</name>
<link>http://shanghai.watchkodi.com/Directories/Movies.xml</link>
<thumbnail>http://s20.postimg.org/vx3jrpi59/Movies.png</thumbnail>
</dir>

<dir>
<name>Music</name>
<link>http://shanghai.watchkodi.com/Directories/Music.xml</link>
<thumbnail>http://s20.postimg.org/o5mtt5dzx/Music.png</thumbnail>
</dir>

<dir>
<name>Documentaries</name>
<link>http://shanghai.watchkodi.com/Directories/Documentaries.xml</link>
<thumbnail>http://s20.postimg.org/5ndvv66u5/Documentaries.png</thumbnail>
</dir>

<dir>
<name>News</name>
<link>http://shanghai.watchkodi.com/Directories/News.xml</link>
<thumbnail>http://s20.postimg.org/d8li4dr8d/News.png</thumbnail>
</dir>

<dir>
<name>Kids</name>
<link>http://shanghai.watchkodi.com/Directories/Kids.xml</link>
<thumbnail>http://s20.postimg.org/l7l9lpgyl/Kids.png</thumbnail>
</dir>
