<?xml version="1.0" encoding="UTF-8"?>



<name>Afghanistan</name>
<link>http://alaska.watchkodi.com/afghanistan.xml</link>
<thumbnail>http://alaska.watchkodi.com/flags/afghanistan.png</thumbnail>
<date>12/24/14</date>



<name>Albania</name>
<link>http://alaska.watchkodi.com/albania.xml</link>
<thumbnail>http://alaska.watchkodi.com/flags/albania.png</thumbnail>
<date>12/24/2014</date>



<name>Algeria</name>
<link>http://alaska.watchkodi.com/algeria.xml</link>
<thumbnail>http://alaska.watchkodi.com/flags/algeria.png</thumbnail>
<date>12/19/2014</date>



<name>Angola</name>
<link>http://alaska.watchkodi.com/angola.xml</link>
<thumbnail>http://alaska.watchkodi.com/flags/Angola.png</thumbnail>
<date>12/19/2014</date>



<name>Argentina</name>
<link>http://alaska.watchkodi.com/argentina.xml</link>
<thumbnail>http://alaska.watchkodi.com/flags/argentina.png</thumbnail>
<date>2/1/2015</date>



<name>Armenia</name>
<link>http://alaska.watchkodi.com/armenia.xml</link>
<thumbnail>http://alaska.watchkodi.com/flags/armenian_flag.png</thumbnail>
<date>12/19/2014</date>



<name>Azerbaijan</name>
<link>http://alaska.watchkodi.com/azerbaijan.xml</link>
<thumbnail>http://alaska.watchkodi.com/flags/azerbaijan.png</thumbnail>
<date>12/19/2014</date>



<name>Bahamas</name>
<link>http://alaska.watchkodi.com/bahamas.xml</link>
<thumbnail>http://alaska.watchkodi.com/flags/bahamas.png</thumbnail>
<date>12/19/2014</date>



<name>Bangladesh</name>
<link>http://alaska.watchkodi.com/bangladesh.xml</link>
<thumbnail>http://alaska.watchkodi.com/flags/bangladesh.png</thumbnail>
<date>12/19/2014</date>



<name>Barbados</name>
<link>http://alaska.watchkodi.com/barbados.xml</link>
<thumbnail>http://alaska.watchkodi.com/flags/barbados-y.png</thumbnail>
<date>3/6/2015</date>



<name>Belize</name>
<link>http://alaska.watchkodi.com/belize.xml</link>
<thumbnail>http://alaska.watchkodi.com/flags/bz.png</thumbnail>
<date>12/19/2014</date>



<name>Benin</name>
<link>http://alaska.watchkodi.com/benin.xml</link>
<thumbnail>http://alaska.watchkodi.com/flags/Benin.png</thumbnail>
<date>1/1/2015</date>



<name>Bosnia-Herz</name>
<link>http://alaska.watchkodi.com/bosnia-herz.xml</link>
<thumbnail>http://alaska.watchkodi.com/flags/bosni-herz.png</thumbnail>
<date>12/19/2014</date>



<name>Brazil</name>
<link>http://alaska.watchkodi.com/brazil.xml</link>
<thumbnail>http://alaska.watchkodi.com/flags/brasil.png</thumbnail>
<date>2/27/2015</date>



<name>Bulgaria</name>
<link>http://alaska.watchkodi.com/bulgaria.xml</link>
<thumbnail>http://alaska.watchkodi.com/flags/Bulgaria.png</thumbnail>
<date>12/19/2014</date>



<name>Burkina Faso</name>
<link>http://alaska.watchkodi.com/burkina%20faso.xml</link>
<thumbnail>http://alaska.watchkodi.com/flags/Burkina Faso.png</thumbnail>
<date>12/19/2014</date>



<name>Cameroon</name>
<link>http://alaska.watchkodi.com/cameroon.xml</link>
<thumbnail>http://alaska.watchkodi.com/flags/Cameroon.png</thumbnail>
<date>4/3/2015</date>



<name>Canada</name>
<link>http://alaska.watchkodi.com/canada.xml</link>
<thumbnail>http://alaska.watchkodi.com/flags/Canada-Hymnes-nationaux-2562233066.jpg</thumbnail>
<date>12/19/2014</date>



<name>Chad</name>
<link>http://alaska.watchkodi.com/chad.xml</link>
<thumbnail>http://alaska.watchkodi.com/flags/Chad.png</thumbnail>
<date>12/19/2014</date>



<name>Chile</name>
<link>http://alaska.watchkodi.com/chile.xml</link>
<thumbnail>http://alaska.watchkodi.com/flags/chile.png</thumbnail>
<date>12/19/2014</date>



<name>Colombia</name>
<link>http://alaska.watchkodi.com/colombia.xml</link>
<thumbnail>http://alaska.watchkodi.com/flags/colombia.png</thumbnail>
<date>3/20/2015</date>



<name>Costa Rico</name>
<link>http://alaska.watchkodi.com/costa%20rico.xml</link>
<thumbnail>http://alaska.watchkodi.com/flags/costa_rica.jpg</thumbnail>
<date>2/18/2015</date>



<name>Croatia</name>
<link>http://alaska.watchkodi.com/croatia.xml</link>
<thumbnail>http://alaska.watchkodi.com/flags/Croatia.png</thumbnail>
<date>12/19/2014</date>



<name>Cuba</name>
<link>http://alaska.watchkodi.com/cuba.xml</link>
<thumbnail>http://alaska.watchkodi.com/flags/cuba_flag_1440x900.png</thumbnail>
<date>1/1/2015</date>



<name>Czech Republic</name>
<link>http://alaska.watchkodi.com/czechoslovakia.xml</link>
<thumbnail>http://alaska.watchkodi.com/flags/Czech-Republic-Flag.PNG</thumbnail>
<date>12/19/2014</date>



<name>Danish</name>
<link>http://alaska.watchkodi.com/danish.xml</link>
<thumbnail>http://alaska.watchkodi.com/flags/Denmark.png</thumbnail>
<date>1/27/2015</date>



<name>Dominican Republic</name>
<link>http://alaska.watchkodi.com/dominican%20republic.xml</link>
<thumbnail>http://alaska.watchkodi.com/flags/dominican-republic-hi.png</thumbnail>
<date>12/19/2014</date>



<name>Ecuador</name>
<link>http://alaska.watchkodi.com/ecuador.xml</link>
<thumbnail>http://alaska.watchkodi.com/flags/ecuador.png</thumbnail>
<date>2/28/2015</date>



<name>El Salvador</name>
<link>http://alaska.watchkodi.com/el%20salvador.xml</link>
<thumbnail>http://alaska.watchkodi.com/flags/El Salvador.png</thumbnail>
<date>12/19/2014</date>



<name>Ethiopian</name>
<link>http://alaska.watchkodi.com/ethiopian.xml</link>
<thumbnail>http://alaska.watchkodi.com/flags/Ethiopia.png</thumbnail>
<date>2/28/2015</date>



<name>France</name>
<link>http://alaska.watchkodi.com/france.xml</link>
<thumbnail>http://alaska.watchkodi.com/flags/france.png</thumbnail>
<date>12/19/2014</date>



<name>Gabon</name>
<link>http://alaska.watchkodi.com/gabon.xml</link>
<thumbnail>http://alaska.watchkodi.com/flags/Gabon.png</thumbnail>
<date>1/3/2015</date>



<name>Germany</name>
<link>http://alaska.watchkodi.com/german.xml</link>
<thumbnail>http://alaska.watchkodi.com/flags/Germany.png</thumbnail>
<date>3/24/2015</date>



<name>Ghana</name>
<link>http://alaska.watchkodi.com/ghana.xml</link>
<thumbnail>http://alaska.watchkodi.com/flags/Ghana.png</thumbnail>
<date>3/29/2015</date>


<name>Grenada</name>
<link>http://alaska.watchkodi.com/grenada.xml</link>
<thumbnail>http://alaska.watchkodi.com/flags/grenada-hi.jpg</thumbnail>
<date>3/6/2015</date>


<name>Haiti</name>
<link>http://alaska.watchkodi.com/haiti.xml</link>
<thumbnail>http://alaska.watchkodi.com/flags/Haiti Flag.jpg</thumbnail>
<date>3/14/2015</date>


<name>Honduras</name>
<link>http://alaska.watchkodi.com/honduras.xml</link>
<thumbnail>http://alaska.watchkodi.com/flags/honduras-flag-wallpapers_32963_1920x1200.png</thumbnail>
<date>1/3/2015</date>


<name>Hungary</name>
<link>http://alaska.watchkodi.com/hungary.xml</link>
<thumbnail>http://alaska.watchkodi.com/flags/Hungary.png</thumbnail>
<date>12/19/2014</date>


<name>India</name>
<link>http://alaska.watchkodi.com/india.xml</link>
<thumbnail>http://alaska.watchkodi.com/flags/india.png</thumbnail>
<date>2/16/2015</date>


<name>Indonesia</name>
<link>http://alaska.watchkodi.com/indonesia.xml</link>
<thumbnail>http://alaska.watchkodi.com/flags/indonesia.png</thumbnail>
<date>2/28/2015</date>


<name>Iran</name>
<link>http://alaska.watchkodi.com/iran.xml</link>
<thumbnail>http://alaska.watchkodi.com/flags/iran.png</thumbnail>
<date>2/2/2015</date>



<name>Ireland</name>
<link>http://alaska.watchkodi.com/ireland.xml</link>
<thumbnail>http://alaska.watchkodi.com/flags/Ireland.png</thumbnail>
<date>1/3/2015</date>



<name>Ivory Coast</name>
<link>http://alaska.watchkodi.com/ivory%20coast.xml</link>
<thumbnail>http://alaska.watchkodi.com/flags/Cote Divoire.png</thumbnail>
<date>12/19/2014</date>



<name>Jamaica</name>
<link>http://alaska.watchkodi.com/jamaica.xml</link>
<thumbnail>http://alaska.watchkodi.com/flags/jamaicaflagimage1.jpg</thumbnail>
<date>3/20/2015</date>



<name>Japan</name>
<link>http://alaska.watchkodi.com/japan.xml</link>
<thumbnail>http://alaska.watchkodi.com/flags/japan.png</thumbnail>
<date>12/19/2014</date>


<name>Kurd</name>
<link>http://alaska.watchkodi.com/kurd.xml</link>
<thumbnail>http://alaska.watchkodi.com/flags/kurdistan_flag_by_rabar11-d4fl7he.png</thumbnail>
<date>12/23/2014</date>



<name>Macedonia</name>
<link>http://alaska.watchkodi.com/mace.xml</link>
<thumbnail>http://alaska.watchkodi.com/flags/Macedonia.png</thumbnail>
<date>12/19/2014</date>



<name>Malaysia</name>
<link>http://alaska.watchkodi.com/malaysian.xml</link>
<thumbnail>http://alaska.watchkodi.com/flags/malaysia.png</thumbnail>
<date>3/3/2015</date>



<name>Mali</name>
<link>http://alaska.watchkodi.com/mali.xml</link>
<thumbnail>http://alaska.watchkodi.com/flags/Mali.png</thumbnail>
<date>12/19/2014</date>



<name>Malta</name>
<link>http://alaska.watchkodi.com/malta.xml</link>
<thumbnail>http://alaska.watchkodi.com/flags/Malta.png</thumbnail>
<date>12/19/2014</date>



<name>Mexico</name>
<link>http://alaska.watchkodi.com/mexico.xml</link>
<thumbnail>http://alaska.watchkodi.com/flags/mexico.png</thumbnail>
<date>3/21/2015</date>



<name>Morocco</name>
<link>http://alaska.watchkodi.com/morocco.xml</link>
<thumbnail>http://alaska.watchkodi.com/flags/Morocco.png</thumbnail>
<date>12/19/2014</date>



<name>Nepal</name>
<link>http://alaska.watchkodi.com/nepal.xml</link>
<thumbnail>http://alaska.watchkodi.com/flags/nepal.png</thumbnail>
<date>12/19/2014</date>



<name>Netherland</name>
<link>http://alaska.watchkodi.com/netherland.xml</link>
<thumbnail>http://alaska.watchkodi.com/flags/Nederland.png</thumbnail>
<date>12/19/2014</date>



<name>Nigeria</name>
<link>http://alaska.watchkodi.com/nigeria.xml</link>
<thumbnail>http://alaska.watchkodi.com/flags/Nigeria.png</thumbnail>
<date>2/27/2015</date>



<name>Norway</name>
<link>http://alaska.watchkodi.com/norway.xml</link>
<thumbnail>http://alaska.watchkodi.com/flags/Norway.png</thumbnail>
<date>12/19/2014</date>



<name>Pakistan</name>
<link>http://alaska.watchkodi.com/pakistan.xml</link>
<thumbnail>http://alaska.watchkodi.com/flags/pakistan.png</thumbnail>
<date>3/18/2015</date>



<name>Peru</name>
<link>http://alaska.watchkodi.com/peru.xml</link>
<thumbnail>http://alaska.watchkodi.com/flags/peru.png</thumbnail>
<date>2/27/2015</date>



<name>Philippines</name>
<link>http://alaska.watchkodi.com/philippines.xml</link>
<thumbnail>http://alaska.watchkodi.com/flags/philippines.png</thumbnail>
<date>3/28/2015</date>



<name>Poland</name>
<link>http://alaska.watchkodi.com/poland.xml</link>
<thumbnail>http://alaska.watchkodi.com/flags/Poland.png</thumbnail>
<date>12/19/2014</date>



<name>Portugal</name>
<link>http://alaska.watchkodi.com/portugal.xml</link>
<thumbnail>http://alaska.watchkodi.com/flags/Portugal.png</thumbnail>
<date>1/22/2015</date>



<name>Puerto Rico</name>
<link>http://alaska.watchkodi.com/puerto%20rico.xml</link>
<thumbnail>http://alaska.watchkodi.com/flags/PuertoRicoFlag.png</thumbnail>
<date>12/19/2014</date>



<name>Romania</name>
<link>http://alaska.watchkodi.com/romania.xml</link>
<thumbnail>http://alaska.watchkodi.com/flags/Romania.png</thumbnail>
<date>12/19/2014</date>



<name>Russia</name>
<link>http://alaska.watchkodi.com/russia.xml</link>
<thumbnail>http://alaska.watchkodi.com/flags/Russia.png</thumbnail>
<date>12/19/2014</date>



<name>Senegal</name>
<link>http://alaska.watchkodi.com/senegal.xml</link>
<thumbnail>http://alaska.watchkodi.com/flags/Senegal.png</thumbnail>
<date>2/21/2015</date>



<name>Serbia</name>
<link>http://alaska.watchkodi.com/serbia.xml</link>
<thumbnail>http://alaska.watchkodi.com/flags/Serbia.png</thumbnail>
<date>12/19/2014</date>



<name>Somalia</name>
<link>http://alaska.watchkodi.com/somalia.xml</link>
<thumbnail>http://alaska.watchkodi.com/flags/Somalia.png</thumbnail>
<date>1/28/2015</date>



<name>South Korea</name>
<link>http://alaska.watchkodi.com/south%20korea.xml</link>
<thumbnail>http://alaska.watchkodi.com/flags/south_korea.png</thumbnail>
<date>12/19/2014</date>



<name>Spain</name>
<link>http://alaska.watchkodi.com/spain.xml</link>
<thumbnail>http://alaska.watchkodi.com/flags/spain.png</thumbnail>
<date>12/19/2014</date>



<name>Sri Lanka</name>
<link>http://alaska.watchkodi.com/sri%20lanka.xml</link>
<thumbnail>http://alaska.watchkodi.com/flags/sri_lanka.png</thumbnail>
<date>1/11/2015</date>



<name>Sudan</name>
<link>http://alaska.watchkodi.com/sudan.xml</link>
<thumbnail>http://alaska.watchkodi.com/flags/Sudan.png</thumbnail>
<date>12/19/2014</date>



<name>Sweden</name>
<link>http://alaska.watchkodi.com/swedish.xml</link>
<thumbnail>http://alaska.watchkodi.com/flags/Sweden.png</thumbnail>
<date>12/19/2014</date>



<name>Tamil</name>
<link>http://alaska.watchkodi.com/tamil.xml</link>
<thumbnail>http://alaska.watchkodi.com/flags/india.png</thumbnail>
<date>2/18/2015</date>



<name>Thailand</name>
<link>http://alaska.watchkodi.com/thailand.xml</link>
<thumbnail>http://alaska.watchkodi.com/flags/thailand.png</thumbnail>
<date>1/11/2015</date>



<name>Trinidad and Tobago</name>
<link>http://alaska.watchkodi.com/trinidad%20and%20tobago.xml</link>
<thumbnail>http://alaska.watchkodi.com/flags/339673-Berserker.jpg</thumbnail>
<date>3/24/2015</date>



<name>Tunisia</name>
<link>http://alaska.watchkodi.com/tunisia.xml</link>
<thumbnail>http://alaska.watchkodi.com/flags/Tunisia.png</thumbnail>
<date>12/19/2014</date>



<name>Turkey</name>
<link>http://alaska.watchkodi.com/turkish.xml</link>
<thumbnail>http://alaska.watchkodi.com/flags/Turkey.png</thumbnail>
<date>1/27/2015</date>



<name>Uganda</name>
<link>http://alaska.watchkodi.com/uganda.xml</link>
<thumbnail>http://alaska.watchkodi.com/flags/Uganda.png</thumbnail>
<date>1/17/2015</date>



<name>Ukraine</name>
<link>http://alaska.watchkodi.com/ukraine.xml</link>
<thumbnail>http://alaska.watchkodi.com/flags/Ukraine.png</thumbnail>
<date>2/17/2015</date>



<name>Uruguay</name>
<link>http://alaska.watchkodi.com/urugray.xml</link>
<thumbnail>http://alaska.watchkodi.com/flags/uruguay.png</thumbnail>
<date>12/19/2014</date>



<name>Venezuela</name>
<link>http://alaska.watchkodi.com/venezuela.xml</link>
<thumbnail>http://alaska.watchkodi.com/flags/venezuela.png</thumbnail>
<date>12/19/2014</date>



<name>Vietnam</name>
<link>http://alaska.watchkodi.com/vietnam.xml</link>
<thumbnail>http://alaska.watchkodi.com/flags/vietnam.png</thumbnail>
<date>12/19/2014</date>

>>> 