***************************************************************************
***************************************************************************
<poster>Woody</poster>
<fanart>http://banjaluka.watchkodi.com/images/Woody.jpg</fanart>
***************************************************************************
***************************************************************************


<item>
<title>[COLOR yellow]Animal Planet[/COLOR]</title>
<link>http://202.75.23.34:1400/live/ch31/03.m3u8</link>
<thumbnail>http://media.creativebloq.futurecdn.net/sites/creativebloq.com/files/imagecache/v2_article_image/articles/article/2013/09/animalplanet.jpg</thumbnail>
</item>


<item>
<title>[COLOR yellow]ABC[/COLOR]</title>
<link>rtmp://rtmp.zerocast.tv:1935/live playpath=rGCi7bg0Qxvs8q7Sl13l swfUrl=http://p.jwpcdn.com/6/10/jwplayer.flash.swf live=1 flashver=WIN\202012,0,0,77 timeout=15 token=8964316ec8772dfa live=1swfVfy=1 pageUrl=http://zerocast.tv</link>
<thumbnail>http://epmgaa.media.lionheartdms.com/img/photos/2014/10/14/Abc_-_logo.jpeg</thumbnail>
</item>

<item>
<title>[COLOR yellow]ABC News[/COLOR]</title>
<link>http://abclive.abcnews.com/i/abc_live4@136330/index_1200_av-b.m3u8?sd=10&b=1200&rebase=on</link>
<thumbnail>http://www.slacker.com/components/i/abc_hero_main.jpg</thumbnail>
</item>

<item>
<title>[COLOR yellow]AMC[/COLOR]</title>
<link>rtmp://rtmp.zerocast.tv:1935/live playpath=TfRQx7deUAuncJwM047m swfUrl=http://p.jwpcdn.com/6/10/jwplayer.flash.swf live=1 flashver=WIN\202012,0,0,77 timeout=15 token=8964316ec8772dfa live=1swfVfy=1 pageUrl=http://zerocast.tv</link>
<thumbnail>http://www.troika.tv/wp-content/uploads/AMC-Logo1.jpg</thumbnail>
</item>






<item>
<title>[COLOR yellow]Bravo[/COLOR]</title>
<link>rtmpe://46.246.124.22:1935/live/bravobraco playpath=bravobraco swfUrl=http://p.jwpcdn.com/6/8/jwplayer.flash.swf pageUrl=http://prvservers.com/embed2.php?u=bravobraco&vw=620&vh=470&domain=usachannels.tv token=#yw%tt#w@kku</link>
<thumbnail>http://newkosmix.com/static/f7780fcadf5982e6ac0ea2ba26d8a4c3.png</thumbnail>
</item>




<item>
<title>[COLOR yellow]CBS[/COLOR]</title>
<link>http://83.139.104.123/Content/HLS/Live/Channel(cbs_reality)/Stream(03)/index.m3u8?b?b*t$</link>
<thumbnail>http://img2.wikia.nocookie.net/__cb20100629084539/memoryalpha/en/images/a/a0/CBS_Television_Studios.jpg</thumbnail>
</item>

<item>
<title>[COLOR yellow]C.I[/COLOR]</title>
<link>http://acabsw.doiptv.com/sky_ci/playlist.m3u8|User-Agent="Lavf53.32.100":network-caching=1000</link>
<thumbnail>http://www.thisismonarchy.tv/blog/wp-content/uploads/2014/03/CI-HERO-LOGO-BLACK.jpg</thumbnail>
</item>

<item>
<title>[COLOR yellow]CNBC[/COLOR]</title>
<link>http://livestation_hls-lh.akamaihd.net/i/cnbc_en@106428/index_838_av-b.m3u8?sd=10&rebase=on</link>
<thumbnail>http://cdn.alleywatch.com/wp-content/uploads/2013/11/cnbc.png</thumbnail>
</item>

<item>
<title>[COLOR yellow]CW[/COLOR]</title>
<link>rtmp://rtmp.zerocast.tv:1935/live playpath=IWSyIjvWgHRCMM7MEJoZ swfUrl=http://cdn.zerocast.tv/player.swf flashVer=WIN/16,0,0,219 pageUrl=http://zerocast.tv/embed3.php?a=8&id=&width=580&height=400&autostart=true&strech= token=8964316ec8772dfa</link>
<thumbnail>http://stingytv.com/wp-content/uploads/2013/12/cw-fb-profile.png</thumbnail>
</item>

<item>
<title>[COLOR yellow]Discovery Channel[/COLOR]</title>
<link>http://202.75.23.34:1400/live/ch29/02.m3u8</link>
<thumbnail>http://upload.wikimedia.org/wikipedia/jv/0/09/Discovery_Channel.jpg</thumbnail>
</item>

<item>
<title>[COLOR yellow]Discovery World[/COLOR]</title>
<link>http://202.75.23.34:1400/live/ch30/03.m3u8</link>
<thumbnail>http://img4.wikia.nocookie.net/__cb20091111164548/logopedia/images/8/8b/Discovery_World.png</thumbnail>
</item>

<item>
<title>[COLOR yellow]Discovery Science[/COLOR]</title>
<link>http://202.75.23.34:1400/live/ch33/03.m3u8</link>
<thumbnail>http://upload.wikimedia.org/wikipedia/pt/a/a8/LOGO_DISCOVERY_SCIENCE.png</thumbnail>
</item>

<item>
<title>[COLOR yellow]ESPN 2[/COLOR]</title>
<link>rtmpe://46.246.124.28:1935/live/espn2225 playpath=espn2225 swfUrl=http://p.jwpcdn.com/6/8/jwplayer.flash.swf pageUrl=http://prvservers.com/embed2.php?u=espn2225&vw=620&vh=470&domain=usachannels.tv token=#yw%tt#w@kku</link>
<thumbnail>http://i.kinja-img.com/gawker-media/image/upload/s--t6Bjnm3d--/18f46g5z7aanqjpg.jpg</thumbnail>
</item>

<item>
<title>[COLOR yellow]Fox[/COLOR]</title>
<link>rtmpe://46.246.124.23:1935/live/foxx playpath=foxx swfUrl=http://p.jwpcdn.com/6/8/jwplayer.flash.swf pageUrl=http://prvservers.com/embed2.php?u=foxx&vw=620&vh=470&domain=usachannels.tv token=#yw%tt#w@kku</link>
<thumbnail>http://www.105pariis.com/projects/15/fox_05.jpg</thumbnail>
</item>

<item>
<title>[COLOR yellow]Fox News[/COLOR]</title>
<link>rtmpe://46.246.124.31:1935/live/foxnewsss playpath=foxnewsss swfUrl=http://p.jwpcdn.com/6/8/jwplayer.flash.swf pageUrl=http://prvservers.com/embed2.php?u=foxnewsss&vw=620&vh=470&domain=usachannels.tv token=#yw%tt#w@kku</link>
<thumbnail>http://upload.wikimedia.org/wikipedia/en/thumb/a/ae/Fox_News.svg/1098px-Fox_News.svg.png</thumbnail>
</item>

<item>
<title>[COLOR yellow]FX[/COLOR]</title>
<link>http://ilg.club/streamlink.m3u8?channel_id=2e0e4b05aa6e428593f3b45b710045b7&bitrate=800</link>
<thumbnail>http://i2.cdnds.net/12/13/300x225/uktv_fx_logo_1.jpg</thumbnail>
</item>

<item>
<title>[COLOR yellow]FYI[/COLOR]</title>
<link>http://202.75.23.36/live/ch46/03.m3u8?b?b*t$</link>
<thumbnail>http://2.bp.blogspot.com/-k2oPO6xmP48/VCAyYr1ePBI/AAAAAAAAAtg/q_VjgtE1efM/s1600/FYI-Logo-2.png</thumbnail>
</item>

<item>
<title>[COLOR yellow]HBO[/COLOR]</title>
<link>rtmpe://46.246.124.23:1935/live/hbo3 playpath=hbo3 swfUrl=http://p.jwpcdn.com/6/8/jwplayer.flash.swf pageUrl=http://prvservers.com/embed2.php?u=hbo3&vw=620&vh=470&domain=usachannels.tv token=#yw%tt#w@kku</link>
<thumbnail>http://www.chicago-d.com/312/wp-content/uploads/2014/04/HBO_Logo.jpg</thumbnail>
</item>

<item>
<title>[COLOR yellow]KTLA[/COLOR]</title>
<link>rtmpe://46.246.124.88/live playpath=ktlausa_usa swfUrl=http://ukcast.co/player//player.swf live=1 pageUrl=http://www.ukcast.co/ token=%ZZri(nKa@#Z</link>
<thumbnail>http://stuartokeeffe.com/wp-content/uploads/2011/03/ktla.jpg</thumbnail>
</item>

<item>
<title>[COLOR yellow]MTV[/COLOR]</title>
<link>http://83.139.104.123/Content/HLS/Live/Channel(mtv_music)/Stream(03)/index.m3u8?b?b*t$</link>
<thumbnail>http://3-ps.googleusercontent.com/x/www.broadwayworld.com/images.bwwstatic.com/tvnetworklogos/0FF063E5-0B72-C03D-3A2A5F01A4FBF6C3.jpg.pagespeed.ce.37QcfsGav-.jpg</thumbnail>
</item>

<item>
<title>[COLOR yellow]Nat Geo[/COLOR]</title>
<link>http://acabsw.doiptv.com/sky_natgeo/playlist.m3u8|User-Agent="Lavf53.32.100":network-caching=1000</link>
<thumbnail>http://fc06.deviantart.net/fs70/f/2012/048/8/4/nat_geo_wallpaper_by_johnnyslowhand-d4q0zf1.jpg</thumbnail>
</item>

<item>
<title>[COLOR yellow]NBCSN[/COLOR]</title>
<link>rtmpe://46.246.124.31:1935/live/nbcsn0 playpath=nbcsn0 swfUrl=swfUrl=http://p.jwpcdn.com/6/8/jwplayer.flash.swf pageUrl=http://prvservers.com/embed2.php?u=nbcsn0&vw=620&vh=470&domain=usachannels.tv token=#yw%tt#w@kku</link>
<thumbnail>https://pbs.twimg.com/profile_images/463324629558247424/qdfbUyx5_400x400.jpeg</thumbnail>
</item>




<item>
<title>[COLOR yellow]NFL Network[/COLOR]</title>
<link>rtmpe://46.246.124.31:1935/live/nfluuo4 playpath=nfluuo4 swfUrl=http://p.jwpcdn.com/6/8/jwplayer.flash.swf pageUrl=http://prvservers.com/embed2.php?u=nfluuo4&vw=620&vh=470&domain=usachannels.tv token=#yw%tt#w@kku</link>
<thumbnail>http://www.ngngsports.com/wp-content/uploads/2014/09/nfl-network.jpg</thumbnail>
</item>

<item>
<title>[COLOR yellow]Nickelodion[/COLOR]</title>
<link>rtmp://rtmp.zerocast.tv:1935/live playpath=fCqfhb14WwwFbAsDbV3Z swfUrl=http://cdn.zerocast.tv/player.swf flashVer=WIN/16,0,0,219 pageUrl=http://zerocast.tv/embed3.php?a=14&id=&width=580&height=400&autostart=true&strech= token=8964316ec8772dfa</link>
<thumbnail>http://www.blackyouthproject.com/files/2011/04/nickelodeon.png</thumbnail>
</item>

<item>
<title>[COLOR yellow]Outdoor[/COLOR]</title>
<link>rtmp://lm02.everyon.tv:1935/ptv2/pld613</link>
<thumbnail>http://img2.wikia.nocookie.net/__cb20100506084227/logopedia/images/b/bf/The_Outdoor_Channel_old.png</thumbnail>
</item>

<item>
<title>[COLOR yellow]Showtime[/COLOR]</title>
<link>rtmpe://46.246.124.87:1935/live/show99 playpath=show99 swfUrl=http://p.jwpcdn.com/6/8/jwplayer.flash.swf pageUrl=http://prvservers.com/embed2.php?u=show99&vw=620&vh=470&domain=usachannels.tv token=#yw%tt#w@kku</link>
<thumbnail>http://cdn3-www.craveonline.com/assets/uploads/2012/12/file_202059_0_Showtime_Logo.jpg</thumbnail>
</item>

<item>
<title>[COLOR yellow]Syfy[/COLOR]</title>
<link>rtmpe://46.246.124.29:1935/live/syfi9 playpath=syfi9 swfUrl=http://p.jwpcdn.com/6/8/jwplayer.flash.swf pageUrl=http://prvservers.com/embed2.php?u=syfi9&vw=620&vh=470&domain=usachannels.tv token=#yw%tt#w@kku</link>
<thumbnail>http://payload.cargocollective.com/1/1/33108/2161998/syfy_full102_1008.jpg</thumbnail>
</item>


<item>
<title>[COLOR yellow]Spike[/COLOR]</title>
<link>rtmp://rtmp.zerocast.tv:1935/live playpath=5MHkm6cQaL5rJZpCSL1C swfUrl=http://p.jwpcdn.com/6/10/jwplayer.flash.swf live=1 flashver=WIN\202012,0,0,77 timeout=15 token=8964316ec8772dfa live=1swfVfy=1 pageUrl=http://zerocast.tv</link>
<thumbnail>http://desistreams.net/img/spike-tv-live.jpg</thumbnail>
</item>

<item>
<title>[COLOR yellow]TLC[/COLOR]</title>
<link>http://83.139.104.123/Content/HLS/Live/Channel(TLC)/Stream(03)/index.m3u8?b?b*t$</link>
<thumbnail>http://www.entertainmentdoor.com.pk/images/channel_image/117152149_640.jpg</thumbnail>
</item>

<item>
<title>[COLOR yellow]TNT[/COLOR]</title>
<link>rtmp://rtmp.zerocast.tv:1935/live playpath=Waz0WqvbqNHmt0gdzrsm swfUrl=http://cdn.zerocast.tv/player.swf flashVer=WIN/16,0,0,219 pageUrl=http://zerocast.tv/embed3.php?a=18&id=&width=580&height=400&autostart=true&strech= token=8964316ec8772dfa</link>
<thumbnail>http://blogs.ubc.ca/gigifeng/files/2013/10/tnt-logo.jpg</thumbnail>
</item>



<item>
<title>[COLOR yellow]USA Network[/COLOR]</title>
<link>rtmpe://46.246.124.3:1935/live/usao0 playpath=usao0 swfUrl=http://p.jwpcdn.com/6/8/jwplayer.flash.swf pageUrl=http://prvservers.com/embed2.php?u=usao0&vw=620&vh=470&domain=usachannels.tv token=#yw%tt#w@kku</link>
<thumbnail>http://www.vector-logo.net/logo_preview/eps/u/USA_Network.png</thumbnail>
</item>

<item>
<title>[COLOR yellow]Wealth[/COLOR]</title>
<link>rtmp://204.107.26.252:8086/live/403.high.stream</link>
<thumbnail>http://mascola.com/insights/wp-content/uploads/2011/08/WealthTV_Full_Logo2.jpg</thumbnail>
</item>