<?xml version="1.0" encoding="UTF-8"?>

***************************************************************************
***************************************************************************
<poster>Crusader88</poster>
<fanart>none</fanart>
***************************************************************************
***************************************************************************



<name>International Channels</name>
<link>http://alaska.watchkodi.com/maindir/main2.xml</link>
<thumbnail>http://alaska.watchkodi.com/crusader88A.png</thumbnail>
<mode>dmode</mode>

<name>Arabic Channels</name>
<link>http://alaska.watchkodi.com/Playlist/playmain.xml</link>
<thumbnail>http://alaska.watchkodi.com/crusader88A.png</thumbnail>
<date> </date>

