<?xml version="1.0" encoding="UTF-8"?>

name =  dmode
 dir = ndmode




<#name>Woody</name>
<#link>http://banjaluka.watchkodi.com/maindir/main.xml</link>
<#thumbnail>http://banjaluka.watchkodi.com/images/Woody.jpg</thumbnail>
<#mode>dmode</mode>

<name>Phoenix TV</name>
<link>http://shanghai.watchkodi.com/maindir/main.xml</link>
<thumbnail>http://shanghai.watchkodi.com/Phoenix%20Tv%20Icon.jpg</thumbnail>
<mode>ndmode</mode>

<name>Crusader88</name>
<link>http://alaska.watchkodi.com/maindir/main.xml</link>
<thumbnail>http://alaska.watchkodi.com/crusader88A.png</thumbnail>
<mode>dmode</mode>

<name>Her Place</name>
<link>http://honolulu.watchkodi.com/maindir/main.xml</link>
<thumbnail>http://honolulu.watchkodi.com/myicon.jpg</thumbnail>
<mode>ndmode</mode>

<name>One242415</name>
<link>http://gibraltar.watchkodi.com/maindir/main.xml</link>
<thumbnail>http://gibraltar.watchkodi.com/skullPhoenicIcon.png</thumbnail>
<mode>ndmode</mode>

<name>Rockcrusher</name>
<link>http://york.watchkodi.com/MainDir/main.xml</link>
<thumbnail>http://york.watchkodi.com/myicon.jpg</thumbnail>
<mode>ndmode</mode>

<name>Staael2014</name>
<link>http://tuzla.watchkodi.com/maindir/main.xml</link>
<thumbnail>http://s29.postimg.org/ta0bxj12f/staael1.png</thumbnail>
<mode>ndmode</mode>

<name>TNPB</name>
<link>http://zenica.watchkodi.com/maindir/main.xml</link>
<thumbnail>http://zenica.watchkodi.com/MyIcon.png</thumbnail>
<mode>ndmode</mode>

<name>[COLOR orange]News Updates[/COLOR]</name>
<link>http://cliqaddon.com/support/streams/maindir/main.xml</link>
<thumbnail>https://avatars3.githubusercontent.com/u/5573032?v=3&s=460</thumbnail>
<mode>dmode</mode>

<#name>Demon88</name>
<#link>http://cairo.watchkodi.com/maindir/main.xml</link>
<#thumbnail>http://s3.postimg.org/wreacztcj/demon2.png</thumbnail>
<#mode>ndmode</mode>



One242415 - gibraltar
Woody - banjaluka
Stael2014 - tuzla
TNPB - zenica
Crusader88 - Alaska
Demon88 - Cario
Rockcrusher - york
ShannonStark - hololulu