#######################################################################################################################################
<poster>Team Phoenix</poster>
<fanart>http://s20.postimg.org/w4r6o7t3x/Phoenix_Fanart.png</fanart>
#######################################################################################################################################

<dir>
<name>UK News</name>
<link>http://shanghai.watchkodi.com/Sections/News/UK.xml</link>
<thumbnail>http://s20.postimg.org/rzga2avbx/UKTV_Icon.png</thumbnail>
</dir>

<dir>
<name>USA News</name>
<link>http://shanghai.watchkodi.com/Sections/News/USA.xml</link>
<thumbnail>http://s20.postimg.org/qykmqx3q5/USTV_Icon.png</thumbnail>
</dir>

<dir>
<name>Canada News</name>
<link>http://shanghai.watchkodi.com/Sections/News/Canada.xml</link>
<thumbnail>http://s20.postimg.org/9b2tsptst/Canada_Icon.png</thumbnail>
</dir>

<dir>
<name>International News</name>
<link>http://shanghai.watchkodi.com/Sections/News/International.xml</link>
<thumbnail>http://s20.postimg.org/el7sk0e1p/International_Icon.png</thumbnail>
</dir>
