[{"date":"2015-01-27","id":571,"text":"- New episodes"},{"date":"2015-01-27","id":51,"text":"- New episodes"},{"date":"2015-01-27","id":422,"text":"- New episodes"},{"date":"2015-01-27","id":442,"text":"- New episodes"},{"date":"2015-01-27","id":413,"text":"- New episodes"},{"date":"2015-01-27","id":256,"text":"- New episodes"},{"date":"2015-01-27","id":270,"text":"- New episodes"},{"date":"2015-01-27","id":563,"text":"- New episodes"},{"date":"2015-01-27","id":583,"text":"- New episodes"},{"date":"2015-01-27","id":321,"text":"- New episodes"},{"date":"2015-01-27","id":299,"text":"- New episodes"},{"date":"2015-01-26","id":582,"text":"- New episodes"},{"date":"2015-01-26","id":265,"text":"- New episodes"},{"date":"2015-01-26","id":163,"text":"- New episodes"},{"date":"2015-01-26","id":503,"text":"- New episodes"},{"date":"2015-01-26","id":149,"text":"- New episodes"},{"date":"2015-01-26","id":61,"text":"- New episodes"},{"date":"2015-01-26","id":47,"text":"- New episodes"},{"date":"2015-01-26","id":424,"text":"- New episodes"},{"date":"2015-01-26","id":81,"text":"- New episodes"},{"date":"2015-01-26","id":337,"text":"- New episodes"},{"date":"2015-01-26","id":380,"text":"- New episodes"},{"date":"2015-01-26","id":132,"text":"- New episodes"},{"date":"2015-01-26","id":76,"text":"- New episodes"},{"date":"2015-01-26","id":429,"text":"- New episodes"},{"date":"2015-01-26","id":392,"text":"- New episodes"},{"date":"2015-01-25","id":493,"text":"- New episodes"},{"date":"2015-01-25","id":408,"text":"- New episodes"},{"date":"2015-01-25","id":382,"text":"- New episodes"},{"date":"2015-01-24","id":16,"text":"- New episodes"},{"date":"2015-01-24","id":273,"text":"- New episodes"},{"date":"2015-01-24","id":52,"text":"- New episodes"},{"date":"2015-01-24","id":488,"text":"- New episodes"},{"date":"2015-01-24","id":272,"text":"- New episodes"},{"date":"2015-01-24","id":46,"text":"- New episodes"},{"date":"2015-01-24","id":546,"text":"- New episodes"},{"date":"2015-01-24","id":342,"text":"- New episodes"},{"date":"2015-01-24","id":533,"text":"- New episodes"},{"date":"2015-01-24","id":269,"text":"- New episodes"},{"date":"2015-01-23","id":303,"text":"- New episodes"},{"date":"2015-01-23","id":272,"text":"- New episodes"},{"date":"2015-01-23","id":553,"text":"- New episodes"},{"date":"2015-01-23","id":225,"text":"- New episodes"},{"date":"2015-01-23","id":457,"text":"- New episodes"},{"date":"2015-01-23","id":36,"text":"- New episodes"},{"date":"2015-01-23","id":123,"text":"- New episodes"},{"date":"2015-01-23","id":59,"text":"- New episodes"},{"date":"2015-01-23","id":60,"text":"- New episodes"},{"date":"2015-01-23","id":440,"text":"- New episodes"},{"date":"2015-01-23","id":568,"text":"- New episodes"},{"date":"2015-01-23","id":224,"text":"- New episodes"},{"date":"2015-01-23","id":223,"text":"- New episodes"},{"date":"2015-01-23","id":164,"text":"- New episodes"},{"date":"2015-01-22","id":71,"text":"- New episodes"},{"date":"2015-01-22","id":502,"text":"- New episodes"},{"date":"2015-01-22","id":196,"text":"- New episodes"},{"date":"2015-01-22","id":129,"text":"- New episodes"},{"date":"2015-01-22","id":572,"text":"- New episodes"},{"date":"2015-01-22","id":198,"text":"- New episodes"},{"date":"2015-01-22","id":402,"text":"- New episodes"},{"date":"2015-01-22","id":228,"text":"- New episodes"},{"date":"2015-01-22","id":506,"text":"- New episodes"},{"date":"2015-01-22","id":154,"text":"- New episodes"},{"date":"2015-01-21","id":577,"text":"- New episodes"},{"date":"2015-01-21","id":287,"text":"- New episodes"},{"date":"2015-01-21","id":268,"text":"- New episodes"},{"date":"2015-01-21","id":484,"text":"- New episodes"},{"date":"2015-01-21","id":293,"text":"- New episodes"},{"date":"2015-01-21","id":353,"text":"- New episodes"},{"date":"2015-01-21","id":544,"text":"- New episodes"},{"date":"2015-01-21","id":131,"text":"- New episodes"},{"date":"2015-01-21","id":77,"text":"- New episodes"},{"date":"2015-01-21","id":93,"text":"- New episodes"},{"date":"2015-01-21","id":252,"text":"- New episodes"},{"date":"2015-01-21","id":533,"text":"- New episodes"},{"date":"2015-01-20","id":563,"text":"- New episodes"},{"date":"2015-01-20","id":306,"text":"- New episodes"},{"date":"2015-01-20","id":413,"text":"- New episodes"},{"date":"2015-01-20","id":442,"text":"- New episodes"},{"date":"2015-01-20","id":566,"text":"- New episodes"},{"date":"2015-01-20","id":422,"text":"- New episodes"},{"date":"2015-01-20","id":567,"text":"- New episodes"},{"date":"2015-01-20","id":397,"text":"- New episodes"},{"date":"2015-01-20","id":180,"text":"- New episodes"},{"date":"2015-01-20","id":429,"text":"- New episodes"},{"date":"2015-01-20","id":583,"text":"- New episodes"},{"date":"2015-01-20","id":51,"text":"- New episodes"},{"date":"2015-01-20","id":299,"text":"- New episodes"},{"date":"2015-01-20","id":91,"text":"- New episodes"},{"date":"2015-01-20","id":49,"text":"- New episodes"}]